Wavelength(nm),Transmission(%)
2500.0,28.476549828274667
2499.0,29.010266423639003
2498.0,28.958852880401192
2497.0,28.996377109607913
2496.0,29.10300806119681
2495.0,29.095809818026414
2494.0,29.664543419835006
2493.0,29.45461672705284
2492.0,29.906608710099793
2491.0,29.907844426417057
2490.0,29.749080994776623
2489.0,30.050278707646815
2488.0,30.142888676124652
2487.0,30.529965040491014
2486.0,30.520282611164944
2485.0,30.36459856420714
2484.0,30.615194668024227
2483.0,30.74149517241746
2482.0,30.86696120738611
2481.0,31.394639176582707
2480.0,31.113311025786427
2479.0,31.65963260718693
2478.0,31.75022515751264
2477.0,31.752620560182255
2476.0,31.864759851140974
2475.0,32.23690019785875
2474.0,32.240446731243175
2473.0,32.60286108317371
2472.0,32.81838536206417
2471.0,32.90798009850863
2470.0,33.159603199506385
2469.0,33.30790314210315
2468.0,33.278442680729384
2467.0,33.711015045396906
2466.0,33.876166767262625
2465.0,34.218408412764475
2464.0,34.31368339204437
2463.0,34.51331510544573
2462.0,34.55504486002929
2461.0,35.10460462737669
2460.0,35.263307784705866
2459.0,35.45333739144409
2458.0,35.78958236460131
2457.0,35.84392067829556
2456.0,36.12499241117008
2455.0,36.226513304348096
2454.0,36.31257403363988
2453.0,36.782434016960295
2452.0,37.004959389472326
2451.0,37.203993872360236
2450.0,37.36488379272663
2449.0,37.607557661750036
2448.0,37.8593755618801
2447.0,38.33436948329164
2446.0,38.48085309452767
2445.0,38.44191826037696
2444.0,38.97117911691192
2443.0,39.03753689226158
2442.0,39.33624753629562
2441.0,39.693668037273014
2440.0,40.05421674843104
2439.0,40.324952637057535
2438.0,40.42480208457027
2437.0,40.61218953892162
2436.0,40.74537950738306
2435.0,40.95878294334849
2434.0,41.416908912087365
2433.0,41.56782141538052
2432.0,41.753552168469255
2431.0,41.91059166848565
2430.0,42.324037488274726
2429.0,42.753653760163324
2428.0,42.82849767474683
2427.0,43.112389473789946
2426.0,43.271400805839306
2425.0,43.75654921576059
2424.0,43.87828795088827
2423.0,44.105794814139124
2422.0,44.20263717406282
2421.0,44.517816887007115
2420.0,44.98317037979855
2419.0,45.04670535669931
2418.0,45.38656284370017
2417.0,45.56387508834408
2416.0,45.747313219088554
2415.0,46.020518459448915
2414.0,46.21618183314578
2413.0,46.391538659581656
2412.0,46.60956450936984
2411.0,46.971013982665276
2410.0,47.148196075043074
2409.0,47.31262516741159
2408.0,47.51043749582165
2407.0,47.81320305837436
2406.0,47.974492943501325
2405.0,48.11614231365403
2404.0,48.215956110463836
2403.0,48.564540616640166
2402.0,48.75744084698274
2401.0,48.906724792372366
2400.0,49.109136747261864
2399.0,49.355080860312775
2398.0,49.47260320325487
2397.0,49.69727397123834
2396.0,49.79317197168247
2395.0,49.94687753893337
2394.0,50.10571426359762
2393.0,50.44640570623871
2392.0,50.324940162257356
2391.0,50.647766686678466
2390.0,50.733383621455
2389.0,50.68319290758403
2388.0,50.94093161856619
2387.0,51.06331313461424
2386.0,51.245112668541694
2385.0,51.30788969638791
2384.0,51.33335890415904
2383.0,51.61472477568736
2382.0,51.50816408589485
2381.0,51.65025412604274
2380.0,51.75319475941475
2379.0,51.777661247115425
2378.0,51.870067850889036
2377.0,52.05538758724329
2376.0,51.96154885131632
2375.0,52.12589497010153
2374.0,52.21728847292025
2373.0,52.2091328108946
2372.0,52.20254029225128
2371.0,52.2491788585815
2370.0,52.311820527121355
2369.0,52.17666240718235
2368.0,52.29496312568821
2367.0,52.21826087913344
2366.0,52.19549995412409
2365.0,52.25629394380572
2364.0,52.10028215367098
2363.0,52.14600535281287
2362.0,52.21488104612308
2361.0,52.064239206835886
2360.0,52.03125615979661
2359.0,51.87716907128031
2358.0,51.95463807525178
2357.0,51.878678152033466
2356.0,51.85298713193597
2355.0,51.6379358973124
2354.0,51.509190380543956
2353.0,51.44705122256613
2352.0,51.22747156656763
2351.0,51.15464031594203
2350.0,51.0425559571706
2349.0,50.944221550054635
2348.0,50.85084570805909
2347.0,50.70875059295987
2346.0,50.53997002078277
2345.0,50.57585788133518
2344.0,50.25245782044095
2343.0,50.12650812478865
2342.0,49.876787551009684
2341.0,49.74151149754786
2340.0,49.564671450514496
2339.0,49.358834468106366
2338.0,49.223594817000404
2337.0,48.89688461355092
2336.0,48.725567616770405
2335.0,48.54210678385524
2334.0,48.39824864971905
2333.0,48.19716354608569
2332.0,47.9623256501819
2331.0,47.726421003237384
2330.0,47.526545918834856
2329.0,47.20036554237054
2328.0,46.98918419779344
2327.0,46.82706100400123
2326.0,46.47225352647102
2325.0,46.201126066258055
2324.0,46.012044408320776
2323.0,45.67432878817689
2322.0,45.450840945306034
2321.0,45.192044636718634
2320.0,45.0322467304945
2319.0,44.737864235352404
2318.0,44.274057865586805
2317.0,44.179141975224425
2316.0,43.811991125267966
2315.0,43.49743693761468
2314.0,43.262337397890995
2313.0,43.14275778893884
2312.0,42.62928820782056
2311.0,42.48958649956538
2310.0,42.213775982336244
2309.0,41.87793266753432
2308.0,41.62570767361783
2307.0,41.25366628564608
2306.0,41.0367644169411
2305.0,40.83430664039711
2304.0,40.2696650959742
2303.0,40.21290610540316
2302.0,39.882904817564565
2301.0,39.63430658458002
2300.0,39.59660552738582
2299.0,38.93917396149102
2298.0,38.63502874499534
2297.0,38.56726776535077
2296.0,37.970861788295025
2295.0,37.99012365597243
2294.0,37.68870620207579
2293.0,37.4683343506615
2292.0,37.03532250771629
2291.0,36.719210908875056
2290.0,36.63215391969171
2289.0,36.39361051569897
2288.0,35.9702431560123
2287.0,35.93810754434201
2286.0,35.50055122856885
2285.0,35.44810217497914
2284.0,35.046261516667784
2283.0,34.65291759999393
2282.0,34.36593943411802
2281.0,34.27436891757246
2280.0,34.103227675016264
2279.0,33.79115293247323
2278.0,33.67339486005444
2277.0,33.58271190341461
2276.0,32.95330037347913
2275.0,33.011378396145645
2274.0,32.79161256961452
2273.0,32.4323470097309
2272.0,32.233058386901284
2271.0,32.16076621502603
2270.0,31.864603414517273
2269.0,31.49431760751178
2268.0,31.40127247240941
2267.0,31.13677413713599
2266.0,30.92817233681221
2265.0,30.772108630922233
2264.0,30.501900725217595
2263.0,30.447582126558597
2262.0,30.277675983342878
2261.0,30.015738873215557
2260.0,29.82894759640111
2259.0,29.87138917538787
2258.0,29.585429550701605
2257.0,29.4048602375939
2256.0,29.342262665821778
2255.0,29.119857354189243
2254.0,29.152346215624934
2253.0,28.85368711318585
2252.0,28.723100234570907
2251.0,28.706726435837727
2250.0,28.447494291019904
2249.0,28.250640623994975
2248.0,28.279245793748775
2247.0,28.161587732103715
2246.0,27.9795412476882
2245.0,27.90761555421814
2244.0,27.648261879042323
2243.0,27.59002035867379
2242.0,27.521418057587244
2241.0,27.509420577006345
2240.0,27.259516997194723
2239.0,27.153269878423913
2238.0,27.106585617800445
2237.0,27.011701478905927
2236.0,27.03476909471795
2235.0,26.83482618019551
2234.0,26.760373194175646
2233.0,26.7676796421605
2232.0,26.789749996821737
2231.0,26.610411050780414
2230.0,26.55043022898932
2229.0,26.467651659713344
2228.0,26.388797816281677
2227.0,26.326383208750237
2226.0,26.348355089116904
2225.0,26.23893544343169
2224.0,26.18856704204585
2223.0,26.293551115154962
2222.0,26.140785166359738
2221.0,26.11853751436438
2220.0,26.18773600375532
2219.0,26.039159845493227
2218.0,26.035831605924226
2217.0,26.15231765628633
2216.0,26.155380955902512
2215.0,26.114852454549137
2214.0,26.20208045783576
2213.0,26.09661302294537
2212.0,26.17698822695833
2211.0,26.1514043990918
2210.0,26.177734625135056
2209.0,26.228910441904578
2208.0,26.42185178547204
2207.0,26.291679076009338
2206.0,26.407177603359827
2205.0,26.39625164856701
2204.0,26.46048678145549
2203.0,26.474444060458197
2202.0,26.69300495951979
2201.0,26.704122116044932
2200.0,26.719246987689317
2199.0,26.8050496062485
2198.0,26.96265420255847
2197.0,26.923780301450055
2196.0,27.066992386013073
2195.0,27.253487053043944
2194.0,27.305829687867934
2193.0,27.45798462720191
2192.0,27.587911652765452
2191.0,27.651315428469665
2190.0,27.80679101656948
2189.0,28.058696974424347
2188.0,28.120704571976713
2187.0,28.23215585276308
2186.0,28.433798747377303
2185.0,28.514436154485
2184.0,28.855025161877972
2183.0,28.974365711493665
2182.0,29.18708165230437
2181.0,29.39970017715035
2180.0,29.525604083901097
2179.0,29.734864021714685
2178.0,29.89762319408816
2177.0,30.007880486007014
2176.0,30.353175198337073
2175.0,30.593545550770862
2174.0,30.757230173248058
2173.0,30.988899655997354
2172.0,31.23450866865817
2171.0,31.394097542172034
2170.0,31.550554681560012
2169.0,31.692452079873313
2168.0,32.05091743379936
2167.0,32.17074928087158
2166.0,32.39695090463581
2165.0,32.53758210925476
2164.0,32.70143292541506
2163.0,33.01148471132394
2162.0,33.17758428083348
2161.0,33.32775575559164
2160.0,33.63151394845007
2159.0,33.82084693034121
2158.0,34.11391142559153
2157.0,34.251815089656645
2156.0,34.34923891446316
2155.0,34.76275277746507
2154.0,34.87529449484273
2153.0,35.03791616030064
2152.0,35.466349420085535
2151.0,35.66099663910204
2150.0,35.89983387982125
2149.0,36.07085421949524
2148.0,36.3430637520358
2147.0,36.68534053462244
2146.0,36.96416958013724
2145.0,37.0458007948689
2144.0,37.31372065362306
2143.0,37.565668225014335
2142.0,37.76024715246224
2141.0,37.999232783701586
2140.0,38.26970620285602
2139.0,38.29378832745589
2138.0,38.81244523679286
2137.0,38.845018157883594
2136.0,38.997445294735286
2135.0,39.234344596345636
2134.0,39.46718591457771
2133.0,39.7254556035403
2132.0,40.0447619880208
2131.0,40.0837031245453
2130.0,40.42870476250934
2129.0,40.550210559503185
2128.0,40.706354014890536
2127.0,40.9204813051733
2126.0,41.140284621266474
2125.0,41.223630130907786
2124.0,41.515935135066194
2123.0,41.84914161391448
2122.0,41.85788238473889
2121.0,42.00025990030591
2120.0,42.180985114078226
2119.0,42.23573250993912
2118.0,42.57592128837463
2117.0,42.72124444778376
2116.0,42.840968270846204
2115.0,42.853420432132026
2114.0,43.156404615296005
2113.0,43.300097984645426
2112.0,43.349790375025385
2111.0,43.57339992916995
2110.0,43.69959111420958
2109.0,43.82108263791139
2108.0,43.923231090092614
2107.0,43.85097257150458
2106.0,44.14727942081529
2105.0,44.09645454966004
2104.0,44.14238165465175
2103.0,44.169622377560216
2102.0,44.34348806328166
2101.0,44.48581558749111
2100.0,44.45202933156844
2099.0,44.40351345845673
2098.0,44.54267828523043
2097.0,44.54407856839846
2096.0,44.5308190556427
2095.0,44.51920710623512
2094.0,44.58044333396629
2093.0,44.52004204025472
2092.0,44.468328485590106
2091.0,44.44957545646802
2090.0,44.370279183666376
2089.0,44.409170975174575
2088.0,44.421750872572254
2087.0,44.435497857969246
2086.0,44.206021153210294
2085.0,44.13448869021437
2084.0,44.123810719779875
2083.0,44.064200767822086
2082.0,43.951342736506604
2081.0,43.86081900386134
2080.0,43.72760531378249
2079.0,43.62837404711017
2078.0,43.48111714844568
2077.0,43.42931743638476
2076.0,43.198764902525625
2075.0,43.13974684046828
2074.0,42.97528379092051
2073.0,42.74072818587741
2072.0,42.67670211079638
2071.0,42.43619606070655
2070.0,42.34994853820272
2069.0,42.157272127580654
2068.0,41.95996849677707
2067.0,41.73149232680778
2066.0,41.51884665170702
2065.0,41.43847719059217
2064.0,41.17859330824854
2063.0,41.02148679754598
2062.0,40.70917204456927
2061.0,40.53683706894758
2060.0,40.18610268868649
2059.0,39.980555337660114
2058.0,39.879901378667086
2057.0,39.63477218479972
2056.0,39.3328775029743
2055.0,39.19741316078545
2054.0,38.88786788282755
2053.0,38.586369631461025
2052.0,38.41583802627167
2051.0,38.20489572893385
2050.0,37.88814907770153
2049.0,37.59537096032154
2048.0,37.37827715574388
2047.0,37.126002477885784
2046.0,36.912024612016566
2045.0,36.60105201170777
2044.0,36.35428857143636
2043.0,36.095588739483745
2042.0,35.82449297519459
2041.0,35.568505505757464
2040.0,35.299973706465195
2039.0,35.03972146357756
2038.0,34.76445120995075
2037.0,34.508288147997284
2036.0,34.326213015002196
2035.0,33.974166648732165
2034.0,33.71952363341487
2033.0,33.49903134755154
2032.0,33.2254445262954
2031.0,33.00597408286873
2030.0,32.82093477572129
2029.0,32.43213915883912
2028.0,32.19723335486898
2027.0,31.983181615818086
2026.0,31.64807463876637
2025.0,31.541231186751716
2024.0,31.219847290088016
2023.0,30.94608923412448
2022.0,30.725918918343236
2021.0,30.48503803614619
2020.0,30.202778310605705
2019.0,30.022144356335396
2018.0,29.788809247292562
2017.0,29.561809849812704
2016.0,29.389706032408668
2015.0,29.148890609120947
2014.0,29.020810724391076
2013.0,28.768295322117975
2012.0,28.59016828342803
2011.0,28.356265319816252
2010.0,28.16512725859755
2009.0,28.058477761171872
2008.0,27.779799642829534
2007.0,27.59815321953537
2006.0,27.423387733527367
2005.0,27.27879292376576
2004.0,27.11733615535849
2003.0,26.93365167014386
2002.0,26.765127958378127
2001.0,26.6423330552649
2000.0,26.43610499357822
1999.0,26.5153108387568
1998.0,26.387886279645272
1997.0,26.21750553139353
1996.0,26.079857108857208
1995.0,26.02069270192406
1994.0,25.906539967365354
1993.0,25.669224593244916
1992.0,25.625960354442256
1991.0,25.458717482162285
1990.0,25.348451640016663
1989.0,25.24525433074844
1988.0,25.173397185849634
1987.0,25.11945226442524
1986.0,24.974747024086362
1985.0,24.940969641912666
1984.0,24.877975918963525
1983.0,24.806625808132672
1982.0,24.752412055323227
1981.0,24.653323983564306
1980.0,24.613734168927394
1979.0,24.602391827841
1978.0,24.49848427187359
1977.0,24.511922194509687
1976.0,24.493380570765293
1975.0,24.456419371201072
1974.0,24.459277791244638
1973.0,24.38918999568183
1972.0,24.457189997032163
1971.0,24.46888584740019
1970.0,24.45707858039981
1969.0,24.472127450866637
1968.0,24.516219211252576
1967.0,24.53119412481347
1966.0,24.57364675681149
1965.0,24.56053072378776
1964.0,24.613656971372034
1963.0,24.67694313259147
1962.0,24.727672396550055
1961.0,24.82532084517308
1960.0,24.874304944157206
1959.0,24.93523297422359
1958.0,25.025426567678867
1957.0,25.089147461124455
1956.0,25.19829469551837
1955.0,25.297191046361483
1954.0,25.359714524084403
1953.0,25.510478653403588
1952.0,25.629853269948384
1951.0,25.7311134266445
1950.0,25.897700175629684
1949.0,25.968159770333475
1948.0,26.12575394653538
1947.0,26.286640046460434
1946.0,26.418982404584817
1945.0,26.554669402468615
1944.0,26.674192316992297
1943.0,26.858799326233644
1942.0,27.05496665409025
1941.0,27.16334640463688
1940.0,27.308377024200155
1939.0,27.514049231611303
1938.0,27.703364516278562
1937.0,27.870858979653697
1936.0,28.055935554876875
1935.0,28.239009517090093
1934.0,28.40632960787518
1933.0,28.648926000518117
1932.0,28.830064193912975
1931.0,29.028615399634383
1930.0,29.210306403235986
1929.0,29.374501772825685
1928.0,29.605258290860693
1927.0,29.81303023070333
1926.0,29.953381245368565
1925.0,30.215867558793185
1924.0,30.366789402424548
1923.0,30.538824042013957
1922.0,30.75146558956221
1921.0,30.900418214953717
1920.0,31.127047624877058
1919.0,31.32456428662908
1918.0,31.547376803979976
1917.0,31.68713154512971
1916.0,31.885044019681985
1915.0,32.07320931350466
1914.0,32.306145420129916
1913.0,32.40639394076964
1912.0,32.559140550916624
1911.0,32.760094051140676
1910.0,32.926820236225076
1909.0,33.01903158928718
1908.0,33.15933400201418
1907.0,33.34801353828181
1906.0,33.49914215462389
1905.0,33.6184891368979
1904.0,33.7876460459409
1903.0,33.99323025800781
1902.0,34.07890756772235
1901.0,34.20305841711245
1900.0,34.35784917511289
1899.0,34.460429449067455
1898.0,34.591552457306214
1897.0,34.72600881878321
1896.0,34.79567360769843
1895.0,34.912370364262436
1894.0,34.97913237602889
1893.0,35.136685269268746
1892.0,35.19030842976573
1891.0,35.34022373402831
1890.0,35.42252589242598
1889.0,35.51256889799752
1888.0,35.55114123580461
1887.0,35.67339355723731
1886.0,35.677277908477755
1885.0,35.74085475576911
1884.0,35.77456876273492
1883.0,35.82905995374944
1882.0,35.80502833013564
1881.0,35.80549301286634
1880.0,35.79114527863296
1879.0,35.78220934977654
1878.0,35.797480038594884
1877.0,35.80832383388368
1876.0,35.818866810009624
1875.0,35.77426476946558
1874.0,35.735283361502816
1873.0,35.7385684149604
1872.0,35.69240898678415
1871.0,35.59684309241114
1870.0,35.50644376797227
1869.0,35.47923869352209
1868.0,35.33536299076166
1867.0,35.24871356039249
1866.0,35.1233805917343
1865.0,34.98382734556304
1864.0,34.872509470820475
1863.0,34.76852916546091
1862.0,34.60018196155075
1861.0,34.52886668739038
1860.0,34.35677836258773
1859.0,34.22640226305136
1858.0,34.08112884551976
1857.0,33.877680925340975
1856.0,33.78393277310516
1855.0,33.573362970971736
1854.0,33.39841643682372
1853.0,33.18476464796953
1852.0,32.97226517121888
1851.0,32.82474858688613
1850.0,32.54932460060484
1849.0,32.39901571430721
1848.0,32.20535024317751
1847.0,31.98562464964281
1846.0,31.773113390943752
1845.0,31.595755529439813
1844.0,31.414900128019603
1843.0,31.191320386878562
1842.0,30.999251678087237
1841.0,30.819373805034285
1840.0,30.587028875762755
1839.0,30.389889384681094
1838.0,30.17226450008799
1837.0,29.942430834721396
1836.0,29.758624435662522
1835.0,29.50504158740811
1834.0,29.320099438168867
1833.0,29.098271466388542
1832.0,28.89612069368451
1831.0,28.650565326820875
1830.0,28.44188143395609
1829.0,28.201394598358103
1828.0,27.986087422732997
1827.0,27.749977299484087
1826.0,27.53475428212494
1825.0,27.347163201331526
1824.0,27.123359891094218
1823.0,26.888317052935683
1822.0,26.68573061722665
1821.0,26.456766460887497
1820.0,26.264520902712878
1819.0,26.029855953047797
1818.0,25.840091229813527
1817.0,25.641429046351977
1816.0,25.418358665454782
1815.0,25.22741750025187
1814.0,25.035391704365267
1813.0,24.831902626556623
1812.0,24.666808273296713
1811.0,24.517289367053
1810.0,24.33786893787076
1809.0,24.154820020710773
1808.0,24.00588667276017
1807.0,23.844077561277757
1806.0,23.690300412716894
1805.0,23.534102313886958
1804.0,23.403336522260133
1803.0,23.260297753469107
1802.0,23.12194106738714
1801.0,22.99847142427503
1800.0,22.864689157171696
1799.0,22.767149881536103
1798.0,22.652833408920632
1797.0,22.572142895734785
1796.0,22.46309983821644
1795.0,22.358827211989176
1794.0,22.283922094384884
1793.0,22.1962010830394
1792.0,22.120644251231578
1791.0,22.052866265922237
1790.0,21.998574803916764
1789.0,21.9436647456539
1788.0,21.91333241498075
1787.0,21.85188801236401
1786.0,21.826970861031874
1785.0,21.789540083909646
1784.0,21.764387837054382
1783.0,21.750501589200884
1782.0,21.745145101878908
1781.0,21.723757621098464
1780.0,21.752193698699315
1779.0,21.737574074037564
1778.0,21.75230545145153
1777.0,21.77833937839742
1776.0,21.83434050244395
1775.0,21.859626579310763
1774.0,21.8978108865688
1773.0,21.933984403502176
1772.0,21.983917818017957
1771.0,22.0474473256224
1770.0,22.112110180529935
1769.0,22.161737247594175
1768.0,22.23468155323617
1767.0,22.316158515477337
1766.0,22.387142875634428
1765.0,22.475196163341334
1764.0,22.542041039722694
1763.0,22.651923729540847
1762.0,22.749609375083548
1761.0,22.842877679448485
1760.0,22.940053803720367
1759.0,23.046202168980738
1758.0,23.17577053341199
1757.0,23.253129568390847
1756.0,23.379706092492604
1755.0,23.51273541967089
1754.0,23.621771431212714
1753.0,23.746274386814996
1752.0,23.869337169037774
1751.0,23.984812179368546
1750.0,24.10868025427967
1749.0,24.24190254946049
1748.0,24.363041004050785
1747.0,24.487111991165296
1746.0,24.6186483916468
1745.0,24.741924522773466
1744.0,24.886024052334665
1743.0,24.982734574418288
1742.0,25.121204275067342
1741.0,25.24805043384641
1740.0,25.386458065810796
1739.0,25.49047388963152
1738.0,25.617120880352427
1737.0,25.722599623358867
1736.0,25.85120132056118
1735.0,25.953943437740218
1734.0,26.06836279991179
1733.0,26.17825533224942
1732.0,26.27704950341836
1731.0,26.394380503442328
1730.0,26.48489482514687
1729.0,26.569975133237563
1728.0,26.666706546681873
1727.0,26.755214707766093
1726.0,26.816552148356504
1725.0,26.901326830385763
1724.0,26.970192372580577
1723.0,27.046513100877274
1722.0,27.088061933333734
1721.0,27.145019063079822
1720.0,27.209617253455047
1719.0,27.247262682151728
1718.0,27.284123622677036
1717.0,27.319263769741518
1716.0,27.33526760900682
1715.0,27.36224551593221
1714.0,27.38081386680698
1713.0,27.38048124880761
1712.0,27.392460027557526
1711.0,27.365918399854287
1710.0,27.36719354931305
1709.0,27.342669529290692
1708.0,27.334339584617336
1707.0,27.30482537746875
1706.0,27.250296607272407
1705.0,27.21616560986452
1704.0,27.163218744736234
1703.0,27.097964212317187
1702.0,27.03299450231646
1701.0,26.963850129385953
1700.0,26.90309966959914
1699.0,26.80187879452379
1698.0,26.713429092956453
1697.0,26.63938974067633
1696.0,26.545467179833942
1695.0,26.427504890746267
1694.0,26.32179414417785
1693.0,26.199419439113925
1692.0,26.071860302814148
1691.0,25.94580052643478
1690.0,25.816200205530915
1689.0,25.675535563137924
1688.0,25.53705003542197
1687.0,25.3921290891714
1686.0,25.242090178176703
1685.0,25.08194526203273
1684.0,24.925828238121884
1683.0,24.770585813368644
1682.0,24.61901063021249
1681.0,24.439456083042426
1680.0,24.271140775196994
1679.0,24.11113817635546
1678.0,23.931837354983113
1677.0,23.757394619406256
1676.0,23.583400836313942
1675.0,23.40788695503402
1674.0,23.21620733207242
1673.0,23.044363430841695
1672.0,22.8711781410334
1671.0,22.69886916155085
1670.0,22.525089483674435
1669.0,22.343390692124608
1668.0,22.17074865084074
1667.0,21.98434535225874
1666.0,21.83156367076981
1665.0,21.652842758964898
1664.0,21.475700051193396
1663.0,21.319271469948358
1662.0,21.15366484918472
1661.0,20.9852313883406
1660.0,20.82976772348088
1659.0,20.661086503876064
1658.0,20.507163457480686
1657.0,20.36003914572472
1656.0,20.21251648167521
1655.0,20.069558176818475
1654.0,19.920166247670917
1653.0,19.783037071789693
1652.0,19.644786199699737
1651.0,19.523219073171568
1650.0,19.396104037013508
1649.0,19.27877550499695
1648.0,19.167511151266673
1647.0,19.06374624945773
1646.0,18.943220655756264
1645.0,18.84554521194862
1644.0,18.745607594128753
1643.0,18.649720227015262
1642.0,18.569978514002443
1641.0,18.505423120250448
1640.0,18.415822945136146
1639.0,18.339134628904173
1638.0,18.263945569692677
1637.0,18.20711490333814
1636.0,18.164917321821626
1635.0,18.088968261138263
1634.0,18.03991299313423
1633.0,18.001235483166017
1632.0,17.96245806285488
1631.0,17.917981407580687
1630.0,17.886872213705487
1629.0,17.883598657043905
1628.0,17.83184290576925
1627.0,17.833975200897864
1626.0,17.823859336240684
1625.0,17.82229408101296
1624.0,17.81134674213762
1623.0,17.824056751882043
1622.0,17.830286394522723
1621.0,17.851947067827506
1620.0,17.853485335182462
1619.0,17.875887161555873
1618.0,17.90664257702122
1617.0,17.93231514293194
1616.0,17.959904589531323
1615.0,17.98991792753993
1614.0,18.022696496152466
1613.0,18.069122821104344
1612.0,18.113604489051554
1611.0,18.164787078625988
1610.0,18.221187379319936
1609.0,18.262175014155222
1608.0,18.312013981835104
1607.0,18.37652055521985
1606.0,18.415180723217368
1605.0,18.495694264128577
1604.0,18.55350551618306
1603.0,18.596385754779643
1602.0,18.662937603121765
1601.0,18.72540209996235
1600.0,18.784474349326192
1599.0,18.83406496759341
1598.0,18.91771101944524
1597.0,18.962650971119864
1596.0,19.025080545332823
1595.0,19.09066851902018
1594.0,19.139061909353206
1593.0,19.192802602643656
1592.0,19.247563627785713
1591.0,19.303194008262246
1590.0,19.353733843117364
1589.0,19.386704550980344
1588.0,19.442529436659093
1587.0,19.47733662752676
1586.0,19.519055644728457
1585.0,19.55234157142006
1584.0,19.58817767260496
1583.0,19.616063980314426
1582.0,19.634278683662963
1581.0,19.656457324092464
1580.0,19.652467294190416
1579.0,19.68283686403408
1578.0,19.677586182337155
1577.0,19.680867585702934
1576.0,19.672999528411996
1575.0,19.65634810579892
1574.0,19.654913503532935
1573.0,19.625531603071032
1572.0,19.617051351757322
1571.0,19.576640625000113
1570.0,19.538864536876233
1569.0,19.50646797943491
1568.0,19.464717523839965
1567.0,19.4114024772689
1566.0,19.355967886445303
1565.0,19.298677481690667
1564.0,19.22891815341843
1563.0,19.150833750363557
1562.0,19.076679834666482
1561.0,18.997153697718552
1560.0,18.92350869882383
1559.0,18.826341956599286
1558.0,18.73120084196654
1557.0,18.628922405984124
1556.0,18.52710516498872
1555.0,18.42300127018692
1554.0,18.316012641382336
1553.0,18.209948694219783
1552.0,18.091079052709507
1551.0,17.964912742058896
1550.0,17.846122659648632
1549.0,17.717174789680683
1548.0,17.57450915146487
1547.0,17.46398058371879
1546.0,17.317675971772665
1545.0,17.18339476745009
1544.0,17.068720159428118
1543.0,16.922693754279898
1542.0,16.774829056158374
1541.0,16.65670765638633
1540.0,16.513676644411035
1539.0,16.382044027537482
1538.0,16.240816867899543
1537.0,16.104764214994447
1536.0,15.976896161370203
1535.0,15.834901537683885
1534.0,15.709508332241843
1533.0,15.570291370964956
1532.0,15.440030341157026
1531.0,15.323445602996138
1530.0,15.19867681841378
1529.0,15.066454798128454
1528.0,14.941735098833162
1527.0,14.822077367051007
1526.0,14.704058537222561
1525.0,14.592367223087196
1524.0,14.488845915904216
1523.0,14.375277100130774
1522.0,14.267427560730914
1521.0,14.165082858638971
1520.0,14.07964452354161
1519.0,13.983358275765248
1518.0,13.899244089156445
1517.0,13.800083382470781
1516.0,13.718181896265266
1515.0,13.639195272440436
1514.0,13.56848990014385
1513.0,13.496215774108189
1512.0,13.42802771248447
1511.0,13.361947556194107
1510.0,13.314067650801597
1509.0,13.26086476637661
1508.0,13.20372059660693
1507.0,13.159078314300427
1506.0,13.121603939305423
1505.0,13.06838299743463
1504.0,13.03745499180675
1503.0,13.007556351475403
1502.0,12.977925869090374
1501.0,12.95014116270233
1500.0,12.929536496806438
1499.0,12.901728073918973
1498.0,12.884682039130618
1497.0,12.890543238253063
1496.0,12.872566725700747
1495.0,12.859392545897578
1494.0,12.863022040135247
1493.0,12.85076554837086
1492.0,12.847051879744722
1491.0,12.846356048445829
1490.0,12.859496595456546
1489.0,12.857949593122928
1488.0,12.86097842384141
1487.0,12.859693362058877
1486.0,12.882377154082429
1485.0,12.885876634593647
1484.0,12.900360545949315
1483.0,12.902491766971005
1482.0,12.893639470950996
1481.0,12.911714135320695
1480.0,12.920300255824294
1479.0,12.938797778831631
1478.0,12.93438823697761
1477.0,12.942401117248147
1476.0,12.938747348603469
1475.0,12.952183618449242
1474.0,12.948264147932909
1473.0,12.952716936069544
1472.0,12.946473098461087
1471.0,12.943150549440604
1470.0,12.933553761367417
1469.0,12.936378308439336
1468.0,12.911353705275486
1467.0,12.894913911374257
1466.0,12.886999786209236
1465.0,12.862379020667525
1464.0,12.838449742549148
1463.0,12.818696995150724
1462.0,12.78335320585452
1461.0,12.754395674181831
1460.0,12.721948568666688
1459.0,12.688387990307854
1458.0,12.643451769854913
1457.0,12.592088414528568
1456.0,12.548461946305729
1455.0,12.488147766761017
1454.0,12.438453535446833
1453.0,12.384130320084186
1452.0,12.316549860468415
1451.0,12.249544815661304
1450.0,12.175777920627933
1449.0,12.117442395654242
1448.0,12.038620586975773
1447.0,11.958054226941103
1446.0,11.88680262712129
1445.0,11.810160109176426
1444.0,11.717946939602495
1443.0,11.645510705112532
1442.0,11.561522521581711
1441.0,11.460690713324654
1440.0,11.375507036103876
1439.0,11.296774823463249
1438.0,11.19486459064706
1437.0,11.106748544537806
1436.0,11.022414780099023
1435.0,10.928661149169557
1434.0,10.837887005664241
1433.0,10.735701582973983
1432.0,10.641099147796774
1431.0,10.537897519437884
1430.0,10.454030348364384
1429.0,10.35612883349611
1428.0,10.270118355001562
1427.0,10.1789214912043
1426.0,10.09197345083979
1425.0,9.990365066926346
1424.0,9.900672484831086
1423.0,9.819936140697054
1422.0,9.726534523238866
1421.0,9.642761697959848
1420.0,9.560093864442267
1419.0,9.487462407497468
1418.0,9.401936894853833
1417.0,9.334193498128416
1416.0,9.25204197260954
1415.0,9.163888836768214
1414.0,9.10959828225635
1413.0,9.042017432464316
1412.0,8.9851472220782
1411.0,8.922876367343152
1410.0,8.863240425773213
1409.0,8.795855323930153
1408.0,8.74702340544659
1407.0,8.693280448521383
1406.0,8.641614857249246
1405.0,8.587005466234054
1404.0,8.529994483985513
1403.0,8.499821983676501
1402.0,8.45324463896086
1401.0,8.404295244952305
1400.0,8.362984518705527
1399.0,8.321463054900592
1398.0,8.280974321966058
1397.0,8.249645587405121
1396.0,8.195735244001614
1395.0,8.172374701666483
1394.0,8.154967537074942
1393.0,8.108017351316827
1392.0,8.085192502724704
1391.0,8.05132526386146
1390.0,8.02667019174687
1389.0,7.99170821382056
1388.0,7.954528446279749
1387.0,7.920718757970356
1386.0,7.894654436362461
1385.0,7.874195679493807
1384.0,7.834903960242147
1383.0,7.820647229846515
1382.0,7.779836960545776
1381.0,7.7445111766451875
1380.0,7.7146716026303395
1379.0,7.684278440135937
1378.0,7.653275200141466
1377.0,7.60725500449861
1376.0,7.572728790977873
1375.0,7.532477976079968
1374.0,7.5076444879235495
1373.0,7.480283462132135
1372.0,7.43062829524251
1371.0,7.392628983615018
1370.0,7.348554853044565
1369.0,7.312113574290851
1368.0,7.283740622657679
1367.0,7.225493824824709
1366.0,7.195969135656573
1365.0,7.139748023201664
1364.0,7.09578170737818
1363.0,7.055697852440902
1362.0,7.001099455363331
1361.0,6.9369440342812645
1360.0,6.896747707801633
1359.0,6.845691887291711
1358.0,6.805219023387829
1357.0,6.740971286760549
1356.0,6.688841140760619
1355.0,6.627150782368588
1354.0,6.575771515061976
1353.0,6.536069389352862
1352.0,6.464901208048871
1351.0,6.411179094243065
1350.0,6.350622707466045
1349.0,6.292313506157808
1348.0,6.235164671237866
1347.0,6.177842956474233
1346.0,6.105254900013718
1345.0,6.0436744175185675
1344.0,5.985566390190408
1343.0,5.924698849713373
1342.0,5.867093297656966
1341.0,5.806935151390066
1340.0,5.746713913626444
1339.0,5.680782060040459
1338.0,5.625388857649429
1337.0,5.566047254830683
1336.0,5.50002411156152
1335.0,5.432623644353928
1334.0,5.388146454514757
1333.0,5.332480351587748
1332.0,5.267098016666871
1331.0,5.21156997440427
1330.0,5.1624466269536
1329.0,5.104237554603622
1328.0,5.0481591512909585
1327.0,5.002342779399631
1326.0,4.946862141040188
1325.0,4.8910001305013076
1324.0,4.843205183694247
1323.0,4.804054218369025
1322.0,4.7511437175075875
1321.0,4.704508945201841
1320.0,4.665061852271462
1319.0,4.61451458764673
1318.0,4.571945029475147
1317.0,4.527150094861406
1316.0,4.484057710584146
1315.0,4.447777408213239
1314.0,4.406422737185261
1313.0,4.354799224503187
1312.0,4.330362733020136
1311.0,4.287286618343318
1310.0,4.253347530708866
1309.0,4.215991203740025
1308.0,4.173206755156301
1307.0,4.131120179983632
1306.0,4.097258893828082
1305.0,4.063579600152707
1304.0,4.029177887153431
1303.0,3.994107922942447
1302.0,3.958325595298964
1301.0,3.9298286199967167
1300.0,3.887479745771351
1299.0,3.847623378083282
1298.0,3.8145988052617716
1297.0,3.7917344169073814
1296.0,3.7449588439245387
1295.0,3.7124983482115628
1294.0,3.6748155007564067
1293.0,3.639722708245438
1292.0,3.600022576068565
1291.0,3.574092581287816
1290.0,3.5303011618943594
1289.0,3.497004065090686
1288.0,3.46677942971483
1287.0,3.4195327268478124
1286.0,3.372637245724037
1285.0,3.3521440968584217
1284.0,3.3239095005416464
1283.0,3.2734860383897537
1282.0,3.2409017709096375
1281.0,3.2044110636551477
1280.0,3.1701411004057927
1279.0,3.1197446267048576
1278.0,3.0911957988130294
1277.0,3.0482830365837152
1276.0,3.013944814176099
1275.0,2.981419754320203
1274.0,2.9357060098810503
1273.0,2.897013942482387
1272.0,2.8717792488481226
1271.0,2.829797873793507
1270.0,2.78466613037965
1269.0,2.7506669034579514
1268.0,2.706929674467329
1267.0,2.6835445617690636
1266.0,2.6396743645269147
1265.0,2.6045133056465106
1264.0,2.5658967650446196
1263.0,2.525513358579213
1262.0,2.4943251315986035
1261.0,2.454969354817546
1260.0,2.4277038671299636
1259.0,2.390733055367054
1258.0,2.345538959806822
1257.0,2.3218191780344144
1256.0,2.278195612407304
1255.0,2.2566985567678173
1254.0,2.225043993975699
1253.0,2.1955290717281186
1252.0,2.159995455784951
1251.0,2.1340408574066134
1250.0,2.1014070532098534
1249.0,2.0671535815805275
1248.0,2.0406019496268666
1247.0,2.004956931670119
1246.0,1.9748588808157483
1245.0,1.9514763845398928
1244.0,1.917985032699407
1243.0,1.8905096053914483
1242.0,1.8681317533165482
1241.0,1.8394582621388964
1240.0,1.8128855425827306
1239.0,1.7879701857629087
1238.0,1.7489348929558612
1237.0,1.7367678676196956
1236.0,1.7052841249826594
1235.0,1.677199291677614
1234.0,1.6596928232373724
1233.0,1.6389314181678765
1232.0,1.5987966279354087
1231.0,1.5912004783740707
1230.0,1.5624108358645399
1229.0,1.53238341836604
1228.0,1.5136223700665106
1227.0,1.4893629612203614
1226.0,1.4572600273306546
1225.0,1.4502611529105456
1224.0,1.4086391764563002
1223.0,1.400207658023727
1222.0,1.3766924288964077
1221.0,1.3506848226127501
1220.0,1.3296212496306286
1219.0,1.3054139351270433
1218.0,1.2841299385023117
1217.0,1.2627193510404093
1216.0,1.252559118076419
1215.0,1.2142027312313783
1214.0,1.2023645890955774
1213.0,1.1890822361509217
1212.0,1.151933965172063
1211.0,1.1305105711632273
1210.0,1.1119490230479474
1209.0,1.0992913445276289
1208.0,1.0726172050717404
1207.0,1.0620102686923507
1206.0,1.0422111533788623
1205.0,1.0245213201279697
1204.0,1.0055251610499583
1203.0,0.9829093127867508
1202.0,0.9764954373105946
1201.0,0.953633912124623
1200.0,0.9345646400917056
1199.0,0.9121170547584835
1198.0,0.8811440901218699
1197.0,0.868899765879798
1196.0,0.8692356792936972
1195.0,0.8460347795488614
1194.0,0.8289761012098842
1193.0,0.8218102403292838
1192.0,0.8120021473021272
1191.0,0.7763273933555548
1190.0,0.7659875355529726
1189.0,0.7503593980358756
1188.0,0.7303711195972592
1187.0,0.733083721331488
1186.0,0.7084786367432637
1185.0,0.691788974907237
1184.0,0.6726173211548213
1183.0,0.6602806532707183
1182.0,0.6464735509920407
1181.0,0.6347599959734188
1180.0,0.6197150881763269
1179.0,0.61583659326747
1178.0,0.6003056725423895
1177.0,0.5821868763052739
1176.0,0.5688984044692442
1175.0,0.5585404994472016
1174.0,0.5420087954785758
1173.0,0.5376176997341454
1172.0,0.5066218983405877
1171.0,0.5069608832235843
1170.0,0.498614445325506
1169.0,0.4803120726238913
1168.0,0.4808195634582514
1167.0,0.481510912765521
1166.0,0.44724877773662963
1165.0,0.44969375081536134
1164.0,0.4369233845537361
1163.0,0.420371174805666
1162.0,0.4170215485672194
1161.0,0.4126896674975394
1160.0,0.4042695047998375
1159.0,0.3775778303422588
1158.0,0.37585525508050954
1157.0,0.37002095656601514
1156.0,0.35796356091399406
1155.0,0.35335784471672843
1154.0,0.34269515557344427
1153.0,0.3245701815798321
1152.0,0.3309887275243364
1151.0,0.3149506265683092
1150.0,0.3110297120297101
1149.0,0.2995700075468901
1148.0,0.3017992304325468
1147.0,0.2972636942314133
1146.0,0.2796064853861033
1145.0,0.2750722142715635
1144.0,0.25637851862577166
1143.0,0.26875036313614153
1142.0,0.25362616283427725
1141.0,0.24087643029120143
1140.0,0.2351616730753917
1139.0,0.2402263206107647
1138.0,0.23511580314935177
1137.0,0.22178868638054644
1136.0,0.2180310420094362
1135.0,0.1972845813741326
1134.0,0.21372029194579642
1133.0,0.19801398632135975
1132.0,0.18874465444769736
1131.0,0.17928580226568175
1130.0,0.18113085835153278
1129.0,0.18040118990058843
1128.0,0.17316755687646077
1127.0,0.16969083350302472
1126.0,0.15496163175061614
1125.0,0.15698877728391453
1124.0,0.13879040175074336
1123.0,0.150875046047122
1122.0,0.1383857241751218
1121.0,0.13708147520969602
1120.0,0.12953149518106577
1119.0,0.13009223148459245
1118.0,0.12445702273217024
1117.0,0.1366873230050171
1116.0,0.11719524079378954
1115.0,0.1348964971427661
1114.0,0.11801826194225425
1113.0,0.10935565837618731
1112.0,0.1071802102877506
1111.0,0.10245938814324594
1110.0,0.10778476339338193
1109.0,0.10624389857633376
1108.0,0.09111083796884582
1107.0,0.09669075432740891
1106.0,0.08525263463079104
1105.0,0.0822594871256629
1104.0,0.09242407168051502
1103.0,0.0785540382803406
1102.0,0.08274297955505559
1101.0,0.07284459330873744
1100.0,0.06780221742343658
1099.0,0.07496604030840184
1098.0,0.06610871860512521
1097.0,0.07026352249276634
1096.0,0.05403780288705758
1095.0,0.06170770935171194
1094.0,0.06115452351772638
1093.0,0.04504851987136252
1092.0,0.061887604724830084
1091.0,0.0621011831164032
1090.0,0.05544970749574271
1089.0,0.05042881305453873
1088.0,0.048690035908186984
1087.0,0.04143944136728989
1086.0,0.04010483264161724
1085.0,0.04710680964615668
1084.0,0.04450866803796594
1083.0,0.04053560027239557
1082.0,0.029378024286989785
1081.0,0.03486911280538796
1080.0,0.028504765321807818
1079.0,0.026965581306091786
1078.0,0.03803397460496211
1077.0,0.02841635740493096
1076.0,0.02808354637801664
1075.0,0.02001193189573158
1074.0,0.028943140984740715
1073.0,0.027018620497751594
1072.0,0.022600970347326395
1071.0,0.013555920476808009
1070.0,0.02972892093061074
1069.0,0.018137479844355972
1068.0,0.01665332032094244
1067.0,0.01058988762564123
1066.0,0.016965355386384672
1065.0,0.010154397282715161
1064.0,0.019648059679105302
1063.0,0.008950543878731673
1062.0,0.017491637284022945
1061.0,0.011840863777218925
1060.0,0.0049538992626202635
1059.0,0.010420589222811286
1058.0,0.009742729403124815
1057.0,-0.009379925733159333
1056.0,0.0062602260694388
1055.0,0.008040984523452362
1054.0,0.009548447187023463
1053.0,0.00938403684127053
1052.0,-0.003421635560435921
1051.0,0.002974486531657645
1050.0,0.007318573557351494
1049.0,-0.003118285820952178
1048.0,0.0052563733975081435
1047.0,-0.0022563997894927746
1046.0,0.0020548029501947992
1045.0,-0.005406983631282059
1044.0,0.0026719293193204264
1043.0,-0.013326142059241302
1042.0,-0.0023496175463610085
1041.0,0.0009552625470056298
1040.0,-0.009461191028697736
1039.0,-0.0003870626306726392
1038.0,-0.017075442648654942
1037.0,-0.0010064603028408583
1036.0,-0.008324689749530973
1035.0,-0.010810984772601935
1034.0,-0.008821506524776779
1033.0,-0.004908959765917093
1032.0,-0.004571754917463091
1031.0,-0.011740080057026992
1030.0,-0.012432381871173282
1029.0,-0.014136182853943483
1028.0,-0.006523630231078865
1027.0,-0.019518115863439357
1026.0,-0.0032375913084719808
1025.0,-0.006975627992843703
1024.0,-0.016388004978371312
1023.0,-0.011201414818641129
1022.0,-0.011723655195322067
1021.0,0.016444597020284675
1020.0,-0.019253388783858502
1019.0,-0.017428075734661014
1018.0,-0.013705866698862885
1017.0,-0.024255245589670647
1016.0,-0.01194728039919251
1015.0,-0.025634375700062422
1014.0,-0.022181202237884595
1013.0,-0.01289241002370602
1012.0,-0.009792835622392035
1011.0,-0.018023318758604745
1010.0,-0.025289088655117593
1009.0,-0.015560656391195636
1008.0,-0.022412170072067975
1007.0,-0.028313813832249093
1006.0,-0.0298402370707693
1005.0,-0.01364688468814941
1004.0,-0.03362224200326924
1003.0,-0.020635473411542527
1002.0,-0.024376054492281172
1001.0,-0.022388085765184824
1000.0,-0.032143353705645666
